<?xml version="1.0" encoding="UTF-8" standalone="no"?>
<ruleset xmlns:xsi="http://www.w3.org/2001/XMLSchema-instance" name="" xsi:schemaLocation="http://pmd.sourceforge.net/ruleset/2.0.0 http://pmd.sourceforge.net/ruleset_2_0_0.xsd" xmlns="http://pmd.sourceforge.net/ruleset/2.0.0">
<description/>
<rule ref="rulesets/java/basic.xml/AvoidDecimalLiteralsInBigDecimalConstructor"/>
<rule ref="rulesets/java/basic.xml/AvoidThreadGroup"/>
<rule ref="rulesets/java/basic.xml/AvoidUsingHardCodedIP"/>
<rule ref="rulesets/java/basic.xml/BigIntegerInstantiation"/>
<rule ref="rulesets/java/basic.xml/BrokenNullCheck"/>
<rule ref="rulesets/java/basic.xml/CheckResultSet"/>
<rule ref="rulesets/java/basic.xml/ClassCastExceptionWithToArray"/>
<rule ref="rulesets/java/basic.xml/CollapsibleIfStatements"/>
<rule ref="rulesets/java/basic.xml/MisplacedNullCheck"/>
<rule ref="rulesets/java/basic.xml/ReturnFromFinallyBlock"/>
<rule ref="rulesets/java/basic.xml/UnconditionalIfStatement"/>
<rule ref="rulesets/java/controversial.xml/DontImportSun"/>
<rule ref="rulesets/java/controversial.xml/UnnecessaryConstructor"/>
<rule ref="rulesets/java/design.xml/AbstractClassWithoutAbstractMethod"/>
<rule ref="rulesets/java/design.xml/AbstractClassWithoutAnyMethod"/>
<rule ref="rulesets/java/design.xml/BadComparison"/>
<rule ref="rulesets/java/design.xml/CompareObjectsWithEquals"/>
<rule ref="rulesets/java/design.xml/DefaultLabelNotLastInSwitchStmt"/>
<rule ref="rulesets/java/design.xml/IdempotentOperations"/>
<rule ref="rulesets/java/design.xml/InstantiationToGetClass"/>
<rule ref="rulesets/java/design.xml/MissingStaticMethodInNonInstantiatableClass"/>
<rule ref="rulesets/java/design.xml/NonCaseLabelInSwitchStatement"/>
<rule ref="rulesets/java/design.xml/NonStaticInitializer"/>
<rule ref="rulesets/java/design.xml/OptimizableToArrayCall"/>
<rule ref="rulesets/java/design.xml/PreserveStackTrace"/>
<rule ref="rulesets/java/design.xml/SimplifyConditional"/>
<rule ref="rulesets/java/design.xml/UnnecessaryLocalBeforeReturn"/>
<rule ref="rulesets/java/design.xml/UnsynchronizedStaticDateFormatter"/>
<rule ref="rulesets/java/design.xml/UseCollectionIsEmpty"/>
<rule ref="rulesets/java/empty.xml/EmptySynchronizedBlock"/>
<rule ref="rulesets/java/finalizers.xml/AvoidCallingFinalize"/>
<rule ref="rulesets/java/finalizers.xml/EmptyFinalizer"/>
<rule ref="rulesets/java/finalizers.xml/FinalizeDoesNotCallSuperFinalize"/>
<rule ref="rulesets/java/finalizers.xml/FinalizeOnlyCallsSuperFinalize"/>
<rule ref="rulesets/java/finalizers.xml/FinalizeOverloaded"/>
<rule ref="rulesets/java/finalizers.xml/FinalizeShouldBeProtected"/>
<rule ref="rulesets/java/optimizations.xml/AddEmptyString"/>
<rule ref="rulesets/java/optimizations.xml/AvoidArrayLoops"/>
<rule ref="rulesets/java/optimizations.xml/UnnecessaryWrapperObjectCreation"/>
<rule ref="rulesets/java/optimizations.xml/UseArraysAsList"/>
<rule ref="rulesets/java/strictexception.xml/AvoidCatchingNPE"/>
<rule ref="rulesets/java/strictexception.xml/ExceptionAsFlowControl"/>
<rule ref="rulesets/java/strictexception.xml/SignatureDeclareThrowsException"/>
<rule ref="rulesets/java/strings.xml/AppendCharacterWithChar"/>
<rule ref="rulesets/java/strings.xml/AvoidDuplicateLiterals"/>
<rule ref="rulesets/java/strings.xml/ConsecutiveLiteralAppends"/>
<rule ref="rulesets/java/strings.xml/InefficientEmptyStringCheck"/>
<rule ref="rulesets/java/strings.xml/InefficientStringBuffering"/>
<rule ref="rulesets/java/strings.xml/StringToString"/>
<rule ref="rulesets/java/strings.xml/UnnecessaryCaseChange"/>
<rule ref="rulesets/java/strings.xml/UseEqualsToCompareStrings"/>
<rule ref="rulesets/java/strings.xml/UseIndexOfChar"/>
<rule ref="rulesets/java/strings.xml/UselessStringValueOf"/>
<rule ref="rulesets/java/strings.xml/UseStringBufferLength"/>
<rule ref="rulesets/java/unnecessary.xml/UnnecessaryReturn"/>
<rule ref="rulesets/java/unnecessary.xml/UnusedNullCheckInEquals"/>
<rule ref="rulesets/java/unnecessary.xml/UselessOperationOnImmutable"/>
<rule ref="rulesets/java/unusedcode.xml/UnusedLocalVariable"/>
<rule ref="rulesets/java/unusedcode.xml/UnusedPrivateField"/>
</ruleset>
