<?xml version="1.0"?>
<!DOCTYPE suppressions PUBLIC "-//Puppy Crawl//DTD Suppressions 1.1//EN" "http://www.puppycrawl.com/dtds/suppressions_1_1.dtd">
<suppressions>
  <!-- relax rules in unit tests, we need less docs and magic numbers are commonplace in tests -->
  <suppress checks="JavadocMethod|IllegalInstantiation|IllegalThrows|MagicNumber|ClassFanOutComplexity|ClassDataAbstractionCoupling" files=".*Mock.*java|.*Test.java|.*TestDataProvider.java" />
  <!-- relax rules in package info files, they are not real classes -->
  <suppress checks="RegexpHeader" files=".*package-info.java" />
  <!-- relax parameter numbers in Spring MVC the framework build on parameters heavily -->
  <suppress id="ParameterNumber_Warning" files=".*Controller.java" />
  <suppress id="ParameterNumber_Error" files=".*Controller.java" />
  <!-- proxy code needs to throw Throwable -->
  <suppress checks="IllegalThrows" files="com.hcomemea.common.jdbc.MonitoredDataSource.java" />
  <!-- proxy code needs to throw Throwable -->
  <suppress checks="IllegalThrows" files="com.hcomemea.mvt.integration.spring.MVTProxyFactoryBean.java" />
  <!-- proxy code needs to throw Throwable -->
  <suppress checks="IllegalThrows" files="com.hcomemea.sfsearch.facade.impl.SearchResultsCacheManagerAdvisor.java" />
    <!-- proxy code needs to throw Throwable -->
  <suppress checks="IllegalThrows" files="com.hcomemea.common.spring.remoting.jaxws.ConfigurableJaxWsPortProxyFactoryBean" />
  <!-- String instantiation from byte arrays is needed for encoding -->
  <suppress checks="IllegalInstantiation" files="com.hcomemea.common.encoding.EncodingSupport.java" />
  <!-- String instantiation from byte arrays is needed for compression -->
  <suppress checks="IllegalInstantiation" files="com.hotels.hermes.common.web.filter.parametercompression.ParameterCompressionSupport.java" />
  <!-- a HashTable must be instantiated because Axis only works with that :/ -->
  <suppress checks="IllegalInstantiation" files="com.hcomemea.common.webservice.IanWebServiceDaoSupport.java" />
  <!-- new String must be created to avoid excess memory usage after using substring -->
  <suppress checks="IllegalInstantiation" files="com.hcomemea.common.hotel.data.HotelDetails.java" />
  <!-- this is the only place where we instantiate locales -->
  <suppress checks="IllegalInstantiation" files="com.hcomemea.possupport.locale.LocaleProviderImpl.java" />
  <!-- String instantiation from a byte subarray with encoding required -->
  <suppress checks="IllegalInstantiation" files="com.hcomemea.common.captcha.controller.AbstractCaptchaController.java" />
  <!-- new String(clearTextBytes); is legal as we need to construct string from byte array : ReviewSubmissionTarget -->
  <suppress checks="IllegalInstantiation" files="com.hcomemea.reviews.data.ReviewSubmissionTarget" />
  <!-- need to refer to AbstractNamedEntity -->
  <suppress checks="IllegalType" files="com.hcomemea.common.domain.AbstractNamedEntity.java" />
  <!-- need to refer to AbstractBookingErrorHandlerCommand in the test of this type -->
  <suppress checks="IllegalType" files="com.hcomemea.fastbooking.controller.errorhandler.AbstractBookingErrorHandlerCommandTest.java" />
  <!-- this code is taken as is, to make future merges possible we are not changing it -->
  <suppress checks=".*" files="com.hcomemea.common.encoding.Base64.java" />
  <!-- contradicting checkstyle rules -->
  <suppress checks="GenericWhitespace" files="com.hcomemea.common.tracking.TrackingData.java" />
  <!-- contradicting checkstyle rules -->
  <suppress checks="GenericWhitespace" files="com.hcomemea.webcontent.dao.impl.HermesContentDAOImplTest.java" />
  <!-- legacy method name cannot be fixed due to frequent usage in JSP files -->
  <suppress checks="MethodName" files="com.hcomemea.search.data.valueobject.RateVO.java" />
  <!-- legacy method name cannot be fixed due to frequent usage in JSP files -->
  <suppress checks="MethodName" files="com.hcomemea.search.data.valueobject.PropertyVO.java" />
  <!-- legacy method name cannot be fixed due to frequent usage in JSP files -->
  <suppress checks="MethodName" files="com.hcomemea.search.data.valueobject.RoomVO.java" />
  <!-- legacy method name cannot be fixed due to frequent usage in JSP files -->
  <suppress checks="MethodName" files="com.hcomemea.search.data.valueobject.PropertyDetailsVO.java" />
  <!-- legacy method name cannot be fixed due to frequent usage in JSP files -->
  <suppress checks="MethodName" files="com.hcomemea.search.data.valueobject.PropertySummaryVO.java" />
  <!-- legacy method name cannot be fixed due to frequent usage in JSP files -->
  <suppress checks="MethodName" files="com.hcomemea.search.data.valueobject.ContactInfoVO.java" />
  <!-- legacy method name cannot be fixed due to frequent usage in JSP files -->
  <suppress checks="MethodName" files=".om.hcomemea.seo.data.SeoCountry.java" />
  <!-- instances of this class may be serialized on jms brokers, changing this class may cause incompatibility issues between different versions -->
  <suppress id="SerialVersionUIDDeclared_Error" files="com.hcomemea.fastbooking.data.BookingConfirmationNotificationMessage.java" />
  <!-- instances of this class may be serialized on jms brokers, changing this class may cause incompatibility issues between different versions -->
  <suppress id="SerialVersionUIDDeclared_Error" files="com.hcomemea.fastbooking.data.CreditCard.java" />
  <!--
    Subsequent section is listing files that should ideally be CheckStyle compliant but are not
    For practicality some error level rules are suppressed for them until they are properly refactored
  -->
  <suppress id="CyclomaticComplexity_Error" files="com.hcomemea.sfsearch.action.form.SearchForm.java" />
  <suppress id="FileLength_Error" files="com.hcomemea.sfsearch.action.form.SearchForm.java" />
  <suppress id="NPathComplexity_Error" files="com.hcomemea.sfsearch.action.form.SearchForm.java" />
  <suppress id="MethodLength_Error" files="com.hcomemea.sfsearch.action.form.SearchForm.java" />
  <suppress id="CyclomaticComplexity_Error" files="com.hcomemea.landing.controller.LandingTargetValidatorImpl.java" />
  <suppress id="CyclomaticComplexity_Error" files="com.hcomemea.common.filter.RedirectHCOMRequestFilter.java" />
  <suppress id="CyclomaticComplexity_Error" files="com.hcomemea.sfsearch.service.dto.HotelSearchParams.java" />
  <suppress id="InvalidLoggingMethod_Error" files="com.hcomemea.common.logging.ConsoleAppender" />
  <suppress id="CyclomaticComplexity_Error" files="com.hcomemea.common.ibatis.daofactory.IbatisDAOFactoryBean.java" />
  <suppress id="CyclomaticComplexity_Error" files="com.hcomemea.possupport.domain.UserRequestContext.java" />
  <suppress id="MethodLength_Error" files="com.hcomemea.common.area.dao.impl.ibatis.LocationData.java" />
  <suppress id="CyclomaticComplexity_Error" files="com.hcomemea.common.area.dao.impl.ibatis.Metaphone.java" />
  <suppress id="ParameterNumber_Error" files="com.hcomemea.mvt.MVTReportingHelper.java" />
  <suppress id="ClassFanOutComplexity_Error" files="com.hcomemea.fastbooking.controller.BookingController.java" />
  <suppress id="ClassFanOutComplexity_Error" files="com.hcomemea.tsbooking.controller.BookingController.java" />
  <suppress id="CyclomaticComplexity_Error" files="com.hcomemea.*booking.controller.BookingController.java" />
  <suppress id="FileLength_Error" files="com.hcomemea.*booking.controller.BookingController.java" />
  <suppress id="MethodLength_Error" files="com.hcomemea.*booking.controller.BookingController.java" />
  <suppress id="NPathComplexity_Error" files="com.hcomemea.*booking.controller.BookingController.java" />
  <suppress id="ParameterNumber_Error" files="com.hcomemea.mobile.hoteldetails.controller.HotelDetailsController.java" />
  <suppress id="MethodLength_Error" files="com.hcomemea.profiles.web.controller.SignInController.java" />
  <suppress id="ParameterNumber_Severe_Error" files="com.hcomemea.*booking.controller.BookingController.java" />
  <suppress id="ParameterNumber_Severe_Error" files="com.hcomemea.hoteldetails.controller.HotelDetailsController.java" />
  <suppress id="NPathComplexity_Error" files="com.hcomemea.possupport.domain.UserRequestContext.java" />
  <suppress id="MethodLength_Error" files="com.hcomemea.common.filter.requestcontext.UserRequestContextRequestSynchronizerTest.java" />
  <suppress id="ParameterNumber_Error" files="com.hcomemea.booking.dao.BookingInformationDAO.java" />
  <suppress id="ParameterNumber_Error" files="com.hcomemea.exacttarget.dao.impl.jaxws.ExactTargetJAXWSDAO.java" />
  <suppress id="ParameterNumber_Error" files="com.hcomemea.fastbooking.notification.BookingConfirmationEmailData.java" />
  <suppress id="ParameterNumber_Severe_Error" files="com.hcomemea.fastbooking.notification.BookingConfirmationEmailData.java" />
  <suppress id="ParameterNumber_Error" files="com.hcomemea.fastbooking.service.BookingInformationService.java" />
  <suppress id="NPathComplexity_Error" files="com.hcomemea.fastbooking.service.impl.BookingInformationServiceImpl.java" />
  <suppress id="MethodLength_Error" files="com.hcomemea.fastbooking.service.impl.BookingInformationServiceImpl.java" />
  <suppress id="ParameterNumber_Error" files="com.hcomemea.fastbooking.service.impl.BookingInformationServiceImpl.java" />
  <suppress id="ParameterNumber_Error" files="com.hcomemea.fastbooking.service.impl.BookingServiceImpl.java" />
  <suppress id="NPathComplexity_Error" files="com.hcomemea.common.hotel.service.impl.LCHotelAttributeServiceImplTest.java" />
  <suppress id="MethodLength_Error" files="com.hcomemea.common.hotel.service.impl.LCHotelAttributeServiceImplTest.java" />
  <suppress id="MethodLength_Error" files="com.hcomemea.booking.action.BookingInitialiseAction.java" />
  <suppress id="NPathComplexity_Error" files="com.hcomemea.booking.action.BookingInitialiseAction.java" />
  <suppress id="MethodLength_Error" files="com.hcomemea.booking.action.CheckDuplicateBookingAction.java" />
  <suppress id="NPathComplexity_Error" files="com.hcomemea.booking.action.CheckDuplicateBookingAction.java" />
  <suppress id="ParameterNumber_Error" files="com.hcomemea.common.advertiser.service.BaseAdvertiserService.java" />
  <suppress id="MethodLength_Error" files="com.hcomemea.common.advertiser.service.BaseAdvertiserService.java" />
  <suppress id="MethodLength_Error" files="com.hcomemea.common.advertiser.service.BookingAdvertiserService.java" />
  <suppress id="NPathComplexity_Error" files="com.hcomemea.common.advertiser.service.BookingAdvertiserService.java" />
  <suppress id="MethodLength_Error" files="com.hcomemea.common.advertiser.service.BookingAdvertiserService.java" />
  <suppress id="NPathComplexity_Error" files="com.hcomemea.common.advertiser.service.BookingAdvertiserService.java" />
  <suppress id="MethodLength_Error" files="com.hcomemea.dataaccess.database.BookingHibernateDAO.java" />
  <suppress id="MethodLength_Error" files="com.hcomemea.dataaccess.database.BookingHibernateDAO.java" />
  <suppress id="MethodLength_Error" files="com.hcomemea.fastbooking.data.BookingOrderState.java" />
  <suppress id="NPathComplexity_Error" files="com.hcomemea.hoteldetails.controller.LandingToHotelDetailsAdapter.java" />
  <suppress id="NPathComplexity_Error" files="com.hcomemea.loyalty.controller.LoyaltyActivityController.java" />
  <suppress id="ParameterNumber_Severe_Error" files="com.hcomemea.mvt.MVTReportingHelper.java" />
  <suppress id="NPathComplexity_Error" files="com.hcomemea.common.hotel.service.impl.HotelSearchCacheKeyDerivationStrategy.java" />
  <suppress id="MethodLength_Error" files="com.hcomemea.booking.helper.BookingActionHelper.java" />
  <suppress id="NPathComplexity_Error" files="com.hcomemea.booking.helper.BookingActionHelper.java" />
  <suppress id="MethodLength_Error" files="com.hcomemea.tsbooking.controller.command.HotelLookupCommand.java" />
  <suppress id="NPathComplexity_Error" files="com.hcomemea.tsbooking.controller.command.HotelLookupCommand.java" />
  <suppress id="NPathComplexity_Error" files="com.hotels.app.profile.dao.CustomerProfileDaoImpl.java" />
  <suppress id="MethodLength_Error" files="com.hotels.app.profile.dao.CustomerProfileDaoImpl.java" />
  <suppress id="FileLength_Error" files="com.hotels.app.profile.dao.CustomerProfileDaoImpl.java" />
  <suppress id="NPathComplexity_Error" files="com.hcomemea.booking.helper.EmailNotificationHelper.java" />
  <suppress id="MethodLength_Error" files="com.hcomemea.booking.helper.EmailNotificationHelper.java" />
  <suppress id="ParameterNumber_Error" files="com.hcomemea.common.hotel.data.transformer.LSSHotelContentTransformerTest.java" />
  <suppress id="NPathComplexity_Error" files="com.hcomemea.fastbooking.controller.ConfirmationController.java" />
  <suppress id="MethodLength_Error" files="com.hcomemea.common.tag.StyleTagTest.java" />
  <suppress id="NPathComplexity_Error" files="com.hcomemea.fastbooking.notification.BookingConfirmationEmailDataHelper.java" />
  <suppress id="NPathComplexity_Error" files="com.hcomemea.account.manager.YourBookingsManager.java" />
  <suppress id="MethodLength_Error" files="com.hcomemea.account.manager.YourBookingsManager.java" />
  <suppress id="ParameterNumber_Error" files="com.hcomemea.mobile.hoteldetails.controller.HotelDetailsController.java" />
  <suppress id="ParameterNumber_Error" files="com.hcomemea.promotions.helper.impl.PromotionsModelPromotionsPopulator.java" />
  <suppress id="MethodLength_Error" files="com.hcomemea.promotions.helper.impl.PromotionsModelPromotionsPopulator.java" />
  <suppress id="NPathComplexity_Error" files="com.hcomemea.promotions.helper.impl.PromotionsModelPromotionsPopulator.java" />
  <suppress id="CyclomaticComplexity_Error" files="com.hcomemea.promotions.helper.impl.PromotionsModelPromotionsPopulator.java" />
  <suppress id="MethodLength_Error" files="com.hcomemea.jobs.xmlsitemap.SiteMapGeneratorJob.java" />
  <suppress id="NPathComplexity_Error" files="com.hcomemea.jobs.xmlsitemap.SiteMapGeneratorJob.java" />
  <suppress id="ParameterNumber_Error" files="com.hcomemea.profiles.service.impl.ProfileServiceImpl.java" />
  <suppress id="ParameterNumber_Error" files="com.hcomemea.sfsearch.dao.DatefulHotelXmlDAOTest.java" />
  <suppress id="ParameterNumber_Error" files="com.hcomemea.common.hotel.data.HotelSortOrder.java" />
  <suppress id="ParameterNumber_Error" files="com.hcomemea.common.webservice.IanXmlDAOSupport.java" />
  <suppress id="ParameterNumber_Error" files="com.hcomemea.sfsearch.facade.impl.inventory.MultiInventoryHandler.java" />
  <suppress id="FileLength_Error" files="com.hcomemea.booking.data.BookingInfoVO.java" />
  <suppress id="ParameterNumber_Severe_Error" files="com.hcomemea.sfsearch.service.impl.UrlBuilder.java" />
  <suppress id="ParameterNumber_Error" files="com.hcomemea.sfsearch.service.impl.UrlBuilder.java" />
  <suppress id="ClassFanOutComplexity_Error" files="com.hcomemea.fastbooking.controller.BookingController.java" />
  <suppress id="MethodLength_Error" files="com.hcomemea.fastbooking.dao.impl.axis.BookingAxisDAO.java" />
  <suppress id="MethodLength_Error" files="com.hcomemea.seo.dao.impl.ibatis.SeoHotelIbatisDAOTest.java" />
  <suppress id="ParameterNumber_Error" files="com.hcomemea.common.hotel.service.datefullhotelservice.impl.AlternateHotelServiceImpl.java" />
  <suppress id="MethodLength_Error" files="com.hcomemea.index.service.hotel.impl.HotelIndexServiceImplTest.java" />
  <suppress id="MethodLength_Error" files="com.hcomemea.seo.service.impl.LandingTemplateBasedLabelProviderTest.java" />
  <suppress id="NPathComplexity_Error" files="com.hcomemea.jobs.executorframework.impl.JobExecutorTriggerHistoryImplTest.java" />
  <suppress id="MethodLength_Error" files="com.hcomemea.jobs.executorframework.impl.JobExecutorTriggerHistoryImplTest.java" />
  <suppress id="NPathComplexity_Error" files="com.hotels.app.profile.dao.DossierV1Translator.java" />
  <suppress id="FileLength_Error" files="com.hcomemea.booking.form.RoomAvailabilityForm.java" />
  <suppress id="MethodLength_Error" files="com.hcomemea.booking.util.BookingFormValidator.java" />
  <suppress id="NPathComplexity_Error" files="com.hcomemea.booking.util.BookingFormValidator.java" />
  <suppress id="MethodLength_Error" files="com.hcomemea.coupons.view.PriceViewHelper.java" />
  <suppress id="ParameterNumber_Error" files="com.hcomemea.coupons.view.PriceViewHelper.java" />
  <suppress id="NPathComplexity_Error" files="com.hcomemea.coupons.view.PriceViewHelper.java" />
  <suppress id="ParameterNumber_Error" files="com.hcomemea.coupons.view.CouponViewSupport.java" />
  <suppress id="MethodLength_Error" files="com.hcomemea.dataaccess.webservice.util.BookingUtil.java" />
  <suppress id="NPathComplexity_Error" files="com.hcomemea.homepage.controller.HomepageController.java" />
  <suppress id="MethodLength_Error" files="com.hcomemea.homepage.controller.command.TopDestinationsCommand.java" />
  <suppress id="NPathComplexity_Error" files="com.hcomemea.homepage.controller.command.TopDestinationsCommand.java" />
  <suppress id="MethodLength_Error" files="com.hcomemea.homepage.helper.HomepageContentUtils.java" />
  <suppress id="MethodLength_Error" files="com.hcomemea.homepage.helper.HomepageContentUtilsTest.java" />
  <suppress id="ParameterNumber_Error" files="com.hcomemea.profiles.domain.UserLocation.java" />
  <suppress id="ParameterNumber_Error" files="com.hcomemea.content.facade.impl.HermesContentFacadeImplTest.java" />
  <suppress id="MethodLength_Error" files="com.hcomemea.customercare.controller.BookingListControllerTest.java" />
  <suppress id="MethodLength_Error" files="com.hcomemea.homepage.controller.HomepageControllerTest.java" />
  <suppress id="MethodLength_Error" files="com.hcomemea.homepage.controller.command.FeaturedHotelCommandTest.java" />
  <suppress id="ParameterNumber_Error" files="com.hcomemea.homepage.controller.command.FeaturedHotelCommandTest.java" />
  <suppress id="MethodLength_Error" files="com.hcomemea.homepage.controller.command.TopDestinationsCommandTest.java" />
  <suppress id="ParameterNumber_Error" files="com.hcomemea.homepage.controller.command.TopDestinationsCommandTest.java" />
  <suppress id="NPathComplexity_Error" files="com.hcomemea.homepage.controller.command.TopDestinationsCommandTest.java" />
  <suppress id="FileLength_Error" files="com.hcomemea.hoteldetails.controller.HotelDetailsController.java" />
  <suppress id="NPathComplexity_Error" files="com.hcomemea.jobs.travelhookfeed.command.UploadFeedCommand" />
  <suppress id="NPathComplexity_Error" files="com.hcomemea.jobs.xmlsitemap.XMLSiteMapGeneratorJob" />
  <suppress id="MethodLength_Error" files="com.hcomemea.jobs.xmlsitemap.XMLSiteMapGeneratorJob" />
  <suppress id="NPathComplexity_Error" files="com.hcomemea.sfsearch.service.impl.UrlBuilder.java" />
  <suppress id="MethodLength_Error" files="com.hcomemea.landing.controller.impl.CityLandingControllerTest.java" />
  <suppress id="ParameterNumber_Error" files="com.hcomemea.landing.binder.impl.matcher.DealsHubLandingMatcherTest.java" />
  <suppress id="ParameterNumber_Severe_Error" files="com.hcomemea.landing.binder.impl.matcher.DealsHubLandingMatcherTest.java" />
  <suppress id="MethodLength_Error" files="com.hcomemea.landing.controller.command.HotelListCommandTest.java" />
  <suppress id="ParameterNumber_Error" files="com.hcomemea.fastbooking.notification.sms.listener.MBloxResponseListener.java" />
  <suppress id="ParameterNumber_Severe_Error" files="com.hcomemea.fastbooking.notification.sms.listener.MBloxResponseListener.java" />
  <suppress id="FileLength_Error" files="com.hcomemea.fastbooking.domain.BookingInformation.java" />
  <suppress id="FileLength_Error" files="com.hcomemea.webcontent.dao.impl.HermesContentDAOImplTest.java" />
  <suppress id="MethodLength_Error" files="com.hcomemea.webcontent.dao.impl.HermesContentDAOImplTest.java" />
  <suppress id="NPathComplexity_Error" files="com.hcomemea.webcontent.dao.impl.HermesContentDAOImplTest.java" />
  <suppress id="ParameterNumber_Error" files="com.hcomemea.webcontent.dao.impl.HermesContentDAOImplTest.java" />
  <suppress id="ParameterNumber_Error" files="com.hcomemea.sfsearch.facade.impl.inventory.MultiInventoryHandler.java" />
  <!-- HER-19807 -->
  <suppress checks="IllegalInstantiation" files="com.hcomemea.landing.MockRequestContextObjects.java" />
  <suppress id="ParameterNumber_Error" files="com.hcomemea.homepage.controller.ModularHomepagePreviewControllerTest.java" />
</suppressions>
